method,total_complete_hit,count_above_0.8,mean,median
naive,0,0,0.3905842699191365,0.38650684908773203
base,16,14,0.48069346606226687,0.4004267996976518
optimized,35,22,0.5940040722174366,0.49573445835819907
