method,total_complete_hit,count_above_0.8,mean,median
naive,0,0,0.438829240141419,0.4392592395686183
base,5,4,0.515845211105033,0.4623411285961672
optimized,15,9,0.5966001235813434,0.46851023495015776
