method,total_complete_hit,count_above_0.8,mean,median
naive,22,9,0.7210641675628722,0.7842837572097778
base,22,10,0.7345620873384178,0.7588741779327393
optimized,21,10,0.707904616681238,0.7628923654556274
