method,total_complete_hit,count_above_0.8,mean,median
naive,0,0,0.3592511194967385,0.33384602702660826
base,12,10,0.5610807026454091,0.4449944186350038
optimized,13,12,0.583628110274589,0.4859432355027518
