method,total_complete_hit,count_above_0.8,mean,median
naive,0,0,0.43839000432405023,0.447509942789501
base,6,4,0.5103483413474824,0.3999990281422917
optimized,11,8,0.5718328195840447,0.506574905473969
