method,count_below_0.7,mean,median
naive,23,0.6616541073471308,0.7486541569232941
base,23,0.6490366710000001,0.7316914800000001
optimized,24,0.6456653246283531,0.715860515832901
