method,total_complete_hit,count_above_0.8,mean,median
naive,0,1,0.47751414394604585,0.4699392769359023
base,8,10,0.5196832774002773,0.4211196519552465
optimized,8,11,0.5587044837084486,0.43508484372295025
